iqbal,i@jasim.com,HelloHeloow
john_doe,john@example.com,password123
jane_smith,jane@example.com,securepass
test_user,user@test.com,password123
john_doe,john@example.com,password123
jane_smith,jane@example.com,securepass
john_doe,john@example.com,password123
jane_smith,jane@example.com,securepass
john_doe,john@example.com,password123
jane_smith,jane@example.com,securepass
john_doe,john@example.com,password123
jane_smith,jane@example.com,securepass
john_doe,john@example.com,password123
jane_smith,jane@example.com,securepass
user1,email@gmail.com,123
